<?xml version="1.0" encoding="UTF-8"?><metadata>
<idinfo>
<accconst>None</accconst>
<useconst>None</useconst>
</idinfo>
<eainfo>
<detailed>
<enttyp>
<enttypl>CLAPP.alley</enttypl>
<enttypd>Alley line feature class.</enttypd>
<enttypds>BOE Mapping</enttypds>
</enttyp>
<attr>
<attrlabl>ZIP_R</attrlabl>
<attrdef>Zip code right.</attrdef>
<attrdefs>BOE Mapping.</attrdefs>
</attr>
<attr>
<attrlabl>ID</attrlabl>
<attrdef>A unique numeric identifier of the line feature. This unique identifier is no longer used and ASSETID is used now instead.</attrdef>
<attrdefs>BOE Mapping</attrdefs>
</attr>
<attr>
<attrlabl>AL_DESIG</attrlabl>
<attrdef>This value is currently not being used.</attrdef>
<attrdefs>BOE Mapping</attrdefs>
</attr>
<attr>
<attrlabl>MAPSHEET</attrlabl>
<attrdef>The alpha-numeric mapsheet number, which refers to a valid B-map or A-map number on the Cadastral tract index map.</attrdef>
<attrdomv>
          <edom>
            <edomv>___B___, ___A___, ___-5A___</edomv>
            <edomvd>Any of these alpha-numeric combinations are used, whereas the underlined spaces are the numbers.</edomvd>
            <edomvds>BOE Mapping.</edomvds>
          </edom>
        </attrdomv>
</attr>
<attr>
<attrlabl>SHAPE</attrlabl>
<attrdef>Feature geometry.</attrdef>
<attrdefs>ESRI</attrdefs>
<attrdomv>
          <udom>Coordinates defining the features.</udom>
        </attrdomv>
</attr>
<attr>
<attrlabl>USER_ID</attrlabl>
<attrdef>The name of the user carrying out the edits.</attrdef>
<attrdefs>BOE Mapping</attrdefs>
<attrdomv>
          <udom>Information identifying the user editing feature and attribute data. Value is automatically populated when user enters their login.</udom>
        </attrdomv>
</attr>
<attr>
<attrlabl>CRTN_DT</attrlabl>
<attrdef>Creation date of the polygon feature.</attrdef>
<attrdefs>BOE Mapping</attrdefs>
<attrdomv>
          <udom>The date that the spatial feature data was created. Value is automatically populated after user digitizes new features and saves their edits.</udom>
        </attrdomv>
</attr>
<attr>
<attrlabl>LST_MODF_DT</attrlabl>
<attrdef>Last modification date of the feature.</attrdef>
<attrdefs>BOE Mapping</attrdefs>
<attrdomv>
          <udom>The date that the spatial feature data or attribute data was updated. Value is automatically populated after user saves their edits.</udom>
        </attrdomv>
</attr>
<attr>
<attrlabl>ZIP_L</attrlabl>
<attrdef>Zip code left.</attrdef>
<attrdefs>BOE Mapping.</attrdefs>
</attr>
<attr>
<attrlabl>STNUM</attrlabl>
<attrdef>Street identification number. This field is currently not being used.</attrdef>
<attrdefs>BOE Mapping.</attrdefs>
</attr>
<attr>
<attrlabl>OBJECTID</attrlabl>
<attrdef>Internal feature number.</attrdef>
<attrdefs>ESRI</attrdefs>
<attrdomv>
          <udom>Sequential unique whole numbers that are automatically generated.</udom>
        </attrdomv>
</attr>
<attr>
<attrlabl>LINE_ID</attrlabl>
<attrdef>This value is currently not being edited. This used to be an automatically assigned unique ID of the alley centerline line segments.</attrdef>
<attrdefs>BOE Mapping</attrdefs>
</attr>
<attr>
<attrlabl>ASSETID</attrlabl>
<attrdef>User-defined feature autonumber.</attrdef>
<attrdefs>BOE Mapping</attrdefs>
<attrdomv>
          <udom>Sequential unique whole numbers that are automatically generated.</udom>
        </attrdomv>
</attr>
<attr>
<attrlabl>AL_ID</attrlabl>
<attrdef>This value is the ID of the alley as assigned by Bureau of Street Services, Department of Public Works. This is unique for each alley, but not unique for each alley line segment. This field has not been updated.</attrdef>
<attrdefs>BOE Mapping</attrdefs>
</attr>
<attr>
<attrlabl>SHAPE.LEN</attrlabl>
</attr>
</detailed>
</eainfo>
<metainfo>
<metstdn>FGDC Content Standard for Digital Geospatial Metadata</metstdn>
<metstdv>FGDC-STD-001-1998</metstdv>
<mettc>local time</mettc>
</metainfo>
</metadata>
