<?xml version="1.0" encoding="UTF-8"?>
<metadata xml:lang="en"><Esri><CreaDate>20180302</CreaDate><CreaTime>17182400</CreaTime><ArcGISFormat>1.0</ArcGISFormat><SyncOnce>TRUE</SyncOnce><DataProperties><itemProps><itemLocation><linkage Sync="TRUE">file://\\2325-7040\G\My Drive\Teaching\CRD298\Los_Angeles_County_Tracts_Poverty</linkage><protocol Sync="TRUE">Local Area Network</protocol></itemLocation></itemProps><copyHistory><copy source="D:\teaching\CRD 298\data\guide1\Los_Angeles_County_Tracts_Poverty" dest="\\2325-7040\G\My Drive\Teaching\CRD298\Los_Angeles_County_Tracts_Poverty" date="20180302" time="17182400"></copy></copyHistory></DataProperties></Esri></metadata>
